epoch,aggregation_latency_ms,recovery_latency_ms,aggregation_completeness,loss_exposure_fraction,communication_overhead_KB,system_availability,queue_utilization,recovery_frequency,scheduling_latency_ms,state_refresh_ms,workload_imbalance,processing_overhead_ms,energy_joules,scheduling_comm_kb,recomputation_overhead_ms,reused_microslot_count
0,11.116291,0.000000,1.000000,0.000000,0.000000,1.000000,0.800000,0,0.000500,0.000903,0.917666,10.991175,1.648676,0.000000,0.000000,0.000000
1,11.046012,0.000000,1.000000,0.000000,0.000000,1.000000,0.800000,0,0.000493,0.001203,0.917666,10.920912,1.638137,0.000000,0.000000,0.000000
2,11.328158,0.000000,1.000000,0.000000,0.000000,1.000000,0.800000,0,0.000513,0.001148,0.917666,11.203060,1.680459,0.000000,0.000000,0.000000
3,11.249796,0.000000,1.000000,0.000000,0.000000,1.000000,0.800000,0,0.000460,0.001440,0.917666,11.124693,1.668704,0.000000,0.000000,0.000000
4,11.153273,0.000000,1.000000,0.000000,0.000000,1.000000,0.800000,0,0.000557,0.001113,0.917666,11.028170,1.654225,0.000000,0.000000,0.000000
5,11.442917,0.000000,1.000000,0.000000,0.000000,1.000000,0.800000,0,0.000767,0.001416,0.917666,11.317820,1.697673,0.000000,0.000000,0.000000
6,11.401616,0.000000,1.000000,0.000000,0.000000,1.000000,0.800000,0,0.000461,0.001098,0.917666,11.276517,1.691478,0.000000,0.000000,0.000000
7,11.301203,0.000000,1.000000,0.000000,0.000000,1.000000,0.800000,0,0.000481,0.001354,0.917666,11.176107,1.676416,0.000000,0.000000,0.000000
8,11.254985,0.000000,1.000000,0.000000,0.000000,1.000000,0.800000,0,0.000438,0.001158,0.917666,11.129882,1.669482,0.000000,0.000000,0.000000
9,11.129452,0.000000,1.000000,0.000000,0.000000,1.000000,0.800000,0,0.000634,0.001499,0.917666,11.004344,1.650652,0.000000,0.000000,0.000000
10,10.978068,0.000000,1.000000,0.000000,0.000000,1.000000,0.800000,0,0.000383,0.001265,0.917666,10.852968,1.627945,0.000000,0.000000,0.000000
11,11.189899,0.000000,1.000000,0.000000,0.000000,1.000000,0.800000,0,0.000724,0.001592,0.917666,11.064804,1.659721,0.000000,0.000000,0.000000
12,11.381748,0.000000,1.000000,0.000000,0.000000,1.000000,0.800000,0,0.000498,0.001144,0.917666,11.256641,1.688496,0.000000,0.000000,0.000000
13,11.267147,0.000000,1.000000,0.000000,0.000000,1.000000,0.800000,0,0.000557,0.001283,0.917666,11.142040,1.671306,0.000000,0.000000,0.000000
14,11.079420,0.000000,1.000000,0.000000,0.000000,1.000000,0.800000,0,0.000632,0.001314,0.917666,10.954325,1.643149,0.000000,0.000000,0.000000
15,11.626415,0.000000,1.000000,0.000000,0.000000,1.000000,0.800000,0,0.000469,0.001214,0.917666,11.501315,1.725197,0.000000,0.000000,0.000000
16,11.396980,0.000000,1.000000,0.000000,0.000000,1.000000,0.800000,0,0.000733,0.001362,0.917666,11.271881,1.690782,0.000000,0.000000,0.000000
17,11.531950,0.000000,1.000000,0.000000,0.000000,1.000000,0.800000,0,0.000479,0.001502,0.917666,11.406852,1.711028,0.000000,0.000000,0.000000
18,11.199720,0.000000,1.000000,0.000000,0.000000,1.000000,0.800000,0,0.000782,0.001244,0.917666,11.074606,1.661191,0.000000,0.000000,0.000000
19,11.099633,0.000000,1.000000,0.000000,0.000000,1.000000,0.800000,0,0.000606,0.001184,0.917666,10.974535,1.646180,0.000000,0.000000,0.000000
20,10.973352,0.000000,1.000000,0.000000,0.000000,1.000000,0.800000,0,0.000687,0.001441,0.917666,10.848248,1.627237,0.000000,0.000000,0.000000
21,11.150366,0.000000,1.000000,0.000000,0.000000,1.000000,0.800000,0,0.000688,0.001376,0.917666,11.025266,1.653790,0.000000,0.000000,0.000000
22,11.473662,0.000000,1.000000,0.000000,0.000000,1.000000,0.800000,0,0.000637,0.001133,0.917666,11.348560,1.702284,0.000000,0.000000,0.000000
23,11.247325,0.000000,1.000000,0.000000,0.000000,1.000000,0.800000,0,0.000718,0.001312,0.917666,11.122222,1.668333,0.000000,0.000000,0.000000
24,10.994458,0.000000,1.000000,0.000000,0.000000,1.000000,0.800000,0,0.000496,0.001236,0.917666,10.869360,1.630404,0.000000,0.000000,0.000000
25,11.363599,0.000000,1.000000,0.000000,0.000000,1.000000,0.800000,0,0.000575,0.001259,0.917666,11.238504,1.685776,0.000000,0.000000,0.000000
26,11.268290,0.000000,1.000000,0.000000,0.000000,1.000000,0.800000,0,0.000550,0.001094,0.917666,11.143186,1.671478,0.000000,0.000000,0.000000
27,11.282198,0.000000,1.000000,0.000000,0.000000,1.000000,0.800000,0,0.000407,0.001609,0.917666,11.157092,1.673564,0.000000,0.000000,0.000000
28,11.142189,0.000000,1.000000,0.000000,0.000000,1.000000,0.800000,0,0.000719,0.001684,0.917666,11.017073,1.652561,0.000000,0.000000,0.000000
29,11.014169,0.000000,1.000000,0.000000,0.000000,1.000000,0.800000,0,0.000775,0.001255,0.917666,10.889059,1.633359,0.000000,0.000000,0.000000
30,10.950945,0.000000,1.000000,0.000000,0.000000,1.000000,0.800000,0,0.000659,0.001810,0.917666,10.825846,1.623877,0.000000,0.000000,0.000000
31,10.809311,0.000000,1.000000,0.000000,0.000000,1.000000,0.800000,0,0.000584,0.001115,0.917666,10.684209,1.602631,0.000000,0.000000,0.000000
32,11.353263,0.000000,1.000000,0.000000,0.000000,1.000000,0.800000,0,0.000507,0.001128,0.917666,11.228166,1.684225,0.000000,0.000000,0.000000
33,11.132068,0.000000,1.000000,0.000000,0.000000,1.000000,0.800000,0,0.000658,0.001442,0.917666,11.006973,1.651046,0.000000,0.000000,0.000000
34,10.921029,0.000000,1.000000,0.000000,0.000000,1.000000,0.800000,0,0.000730,0.001292,0.917666,10.795936,1.619390,0.000000,0.000000,0.000000
35,11.305750,0.000000,1.000000,0.000000,0.000000,1.000000,0.800000,0,0.000574,0.001457,0.917666,11.180655,1.677098,0.000000,0.000000,0.000000
36,11.265019,0.000000,1.000000,0.000000,0.000000,1.000000,0.800000,0,0.000922,0.001320,0.917666,11.139925,1.670989,0.000000,0.000000,0.000000
37,11.194937,0.000000,1.000000,0.000000,0.000000,1.000000,0.800000,0,0.000540,0.001203,0.917666,11.069843,1.660476,0.000000,0.000000,0.000000
38,11.090695,0.000000,1.000000,0.000000,0.000000,1.000000,0.800000,0,0.000574,0.001350,0.917666,10.965594,1.644839,0.000000,0.000000,0.000000
39,11.132803,0.000000,1.000000,0.000000,0.000000,1.000000,0.800000,0,0.000683,0.001318,0.917666,11.007708,1.651156,0.000000,0.000000,0.000000
40,11.082004,0.000000,1.000000,0.000000,0.000000,1.000000,0.800000,0,0.000756,0.001181,0.917666,10.956895,1.643534,0.000000,0.000000,0.000000
41,11.123030,0.000000,1.000000,0.000000,0.000000,1.000000,0.800000,0,0.000754,0.001574,0.917666,10.997918,1.649688,0.000000,0.000000,0.000000
42,11.298049,0.000000,1.000000,0.000000,0.000000,1.000000,0.800000,0,0.000461,0.001104,0.917666,11.172946,1.675942,0.000000,0.000000,0.000000
43,11.241693,0.000000,1.000000,0.000000,0.000000,1.000000,0.800000,0,0.000584,0.001049,0.917666,11.116582,1.667487,0.000000,0.000000,0.000000
44,11.051329,0.000000,1.000000,0.000000,0.000000,1.000000,0.800000,0,0.000811,0.001197,0.917666,10.926232,1.638935,0.000000,0.000000,0.000000
45,11.454786,0.000000,1.000000,0.000000,0.000000,1.000000,0.800000,0,0.000786,0.001319,0.917666,11.329682,1.699452,0.000000,0.000000,0.000000
46,11.326093,0.000000,1.000000,0.000000,0.000000,1.000000,0.800000,0,0.000712,0.001188,0.917666,11.200990,1.680149,0.000000,0.000000,0.000000
47,11.225217,0.000000,1.000000,0.000000,0.000000,1.000000,0.800000,0,0.000410,0.001033,0.917666,11.100113,1.665017,0.000000,0.000000,0.000000
48,11.186705,0.000000,1.000000,0.000000,0.000000,1.000000,0.800000,0,0.000582,0.001332,0.917666,11.061599,1.659240,0.000000,0.000000,0.000000
49,11.019647,0.000000,1.000000,0.000000,0.000000,1.000000,0.800000,0,0.000554,0.001273,0.917666,10.894538,1.634181,0.000000,0.000000,0.000000
50,10.919339,0.000000,1.000000,0.000000,0.000000,1.000000,0.800000,0,0.000736,0.001492,0.917666,10.794236,1.619135,0.000000,0.000000,0.000000
51,10.949139,0.000000,1.000000,0.000000,0.000000,1.000000,0.800000,0,0.000603,0.001075,0.917666,10.824042,1.623606,0.000000,0.000000,0.000000
52,11.290393,0.000000,1.000000,0.000000,0.000000,1.000000,0.800000,0,0.000586,0.001243,0.917666,11.165291,1.674794,0.000000,0.000000,0.000000
53,11.113056,0.000000,1.000000,0.000000,0.000000,1.000000,0.800000,0,0.000624,0.001059,0.917666,10.987954,1.648193,0.000000,0.000000,0.000000
54,10.951473,0.000000,1.000000,0.000000,0.000000,1.000000,0.800000,0,0.000577,0.001117,0.917666,10.826377,1.623957,0.000000,0.000000,0.000000
55,11.292639,0.000000,1.000000,0.000000,0.000000,1.000000,0.800000,0,0.000591,0.001642,0.917666,11.167545,1.675132,0.000000,0.000000,0.000000
56,11.181113,0.000000,1.000000,0.000000,0.000000,1.000000,0.800000,0,0.000637,0.001301,0.917666,11.056014,1.658402,0.000000,0.000000,0.000000
57,11.291351,0.000000,1.000000,0.000000,0.000000,1.000000,0.800000,0,0.000716,0.001477,0.917666,11.166249,1.674937,0.000000,0.000000,0.000000
58,11.074003,0.000000,1.000000,0.000000,0.000000,1.000000,0.800000,0,0.000569,0.001235,0.917666,10.948902,1.642335,0.000000,0.000000,0.000000
59,11.106784,0.000000,1.000000,0.000000,0.000000,1.000000,0.800000,0,0.000482,0.001393,0.917666,10.981679,1.647252,0.000000,0.000000,0.000000
60,10.943511,0.000000,1.000000,0.000000,0.000000,1.000000,0.800000,0,0.000636,0.001460,0.917666,10.818423,1.622763,0.000000,0.000000,0.000000
61,10.974977,0.000000,1.000000,0.000000,0.000000,1.000000,0.800000,0,0.000690,0.001584,0.917666,10.849882,1.627482,0.000000,0.000000,0.000000
62,11.234694,0.000000,1.000000,0.000000,0.000000,1.000000,0.800000,0,0.000595,0.001307,0.917666,11.109603,1.666440,0.000000,0.000000,0.000000
63,11.064163,0.000000,1.000000,0.000000,0.000000,1.000000,0.800000,0,0.000598,0.001047,0.917666,10.939067,1.640860,0.000000,0.000000,0.000000
64,10.970427,0.000000,1.000000,0.000000,0.000000,1.000000,0.800000,0,0.000661,0.001362,0.917666,10.845327,1.626799,0.000000,0.000000,0.000000
65,11.351018,0.000000,1.000000,0.000000,0.000000,1.000000,0.800000,0,0.000718,0.001179,0.917666,11.225916,1.683887,0.000000,0.000000,0.000000
66,11.170521,0.000000,1.000000,0.000000,0.000000,1.000000,0.800000,0,0.000595,0.001234,0.917666,11.045425,1.656814,0.000000,0.000000,0.000000
67,11.208625,0.000000,1.000000,0.000000,0.000000,1.000000,0.800000,0,0.000427,0.001320,0.917666,11.083528,1.662529,0.000000,0.000000,0.000000
68,11.080771,0.000000,1.000000,0.000000,0.000000,1.000000,0.800000,0,0.000562,0.001291,0.917666,10.955673,1.643351,0.000000,0.000000,0.000000
69,11.144483,0.000000,1.000000,0.000000,0.000000,1.000000,0.800000,0,0.000837,0.001357,0.917666,11.019353,1.652903,0.000000,0.000000,0.000000
70,11.150733,0.000000,1.000000,0.000000,0.000000,1.000000,0.800000,0,0.000458,0.001415,0.917666,11.025631,1.653845,0.000000,0.000000,0.000000
71,10.954948,0.000000,1.000000,0.000000,0.000000,1.000000,0.800000,0,0.000700,0.001346,0.917666,10.829855,1.624478,0.000000,0.000000,0.000000
72,11.361664,0.000000,1.000000,0.000000,0.000000,1.000000,0.800000,0,0.000651,0.001375,0.917666,11.236566,1.685485,0.000000,0.000000,0.000000
73,11.302188,0.000000,1.000000,0.000000,0.000000,1.000000,0.800000,0,0.000674,0.001145,0.917666,11.177089,1.676563,0.000000,0.000000,0.000000
74,11.143023,0.000000,1.000000,0.000000,0.000000,1.000000,0.800000,0,0.000441,0.001013,0.917666,11.017926,1.652689,0.000000,0.000000,0.000000
75,11.621639,0.000000,1.000000,0.000000,0.000000,1.000000,0.800000,0,0.000713,0.001072,0.917666,11.496530,1.724479,0.000000,0.000000,0.000000
76,11.242152,0.000000,1.000000,0.000000,0.000000,1.000000,0.800000,0,0.000792,0.001206,0.917666,11.117049,1.667557,0.000000,0.000000,0.000000
77,11.203577,0.000000,1.000000,0.000000,0.000000,1.000000,0.800000,0,0.000674,0.001850,0.917666,11.078479,1.661772,0.000000,0.000000,0.000000
78,11.314201,0.000000,1.000000,0.000000,0.000000,1.000000,0.800000,0,0.000722,0.001567,0.917666,11.189100,1.678365,0.000000,0.000000,0.000000
79,11.173621,0.000000,1.000000,0.000000,0.000000,1.000000,0.800000,0,0.000582,0.001187,0.917666,11.048511,1.657277,0.000000,0.000000,0.000000
80,11.209021,0.000000,1.000000,0.000000,0.000000,1.000000,0.800000,0,0.000554,0.001273,0.917666,11.083916,1.662587,0.000000,0.000000,0.000000
81,11.129784,0.000000,1.000000,0.000000,0.000000,1.000000,0.800000,0,0.000604,0.001210,0.917666,11.004691,1.650704,0.000000,0.000000,0.000000
82,11.410196,0.000000,1.000000,0.000000,0.000000,1.000000,0.800000,0,0.000585,0.001526,0.917666,11.285100,1.692765,0.000000,0.000000,0.000000
83,11.198453,0.000000,1.000000,0.000000,0.000000,1.000000,0.800000,0,0.000715,0.001405,0.917666,11.073353,1.661003,0.000000,0.000000,0.000000
84,11.104231,0.000000,1.000000,0.000000,0.000000,1.000000,0.800000,0,0.000608,0.001631,0.917666,10.979139,1.646871,0.000000,0.000000,0.000000
85,11.412540,0.000000,1.000000,0.000000,0.000000,1.000000,0.800000,0,0.000780,0.001299,0.917666,11.287444,1.693117,0.000000,0.000000,0.000000
86,11.189787,0.000000,1.000000,0.000000,0.000000,1.000000,0.800000,0,0.000516,0.001347,0.917666,11.064691,1.659704,0.000000,0.000000,0.000000
87,11.225022,0.000000,1.000000,0.000000,0.000000,1.000000,0.800000,0,0.000691,0.001645,0.917666,11.099923,1.664988,0.000000,0.000000,0.000000
88,11.298563,0.000000,1.000000,0.000000,0.000000,1.000000,0.800000,0,0.000708,0.001658,0.917666,11.173466,1.676020,0.000000,0.000000,0.000000
89,11.194557,0.000000,1.000000,0.000000,0.000000,1.000000,0.800000,0,0.000807,0.001210,0.917666,11.069460,1.660419,0.000000,0.000000,0.000000
90,11.019578,0.000000,1.000000,0.000000,0.000000,1.000000,0.800000,0,0.000536,0.001531,0.917666,10.894478,1.634172,0.000000,0.000000,0.000000
91,11.088371,0.000000,1.000000,0.000000,0.000000,1.000000,0.800000,0,0.000597,0.001679,0.917666,10.963272,1.644491,0.000000,0.000000,0.000000
92,11.341871,0.000000,1.000000,0.000000,0.000000,1.000000,0.800000,0,0.000505,0.001376,0.917666,11.216777,1.682516,0.000000,0.000000,0.000000
93,11.063493,0.000000,1.000000,0.000000,0.000000,1.000000,0.800000,0,0.000638,0.001278,0.917666,10.938398,1.640760,0.000000,0.000000,0.000000
94,10.965875,0.000000,1.000000,0.000000,0.000000,1.000000,0.800000,0,0.000556,0.001186,0.917666,10.840772,1.626116,0.000000,0.000000,0.000000
95,11.254205,0.000000,1.000000,0.000000,0.000000,1.000000,0.800000,0,0.000743,0.001232,0.917666,11.129103,1.669365,0.000000,0.000000,0.000000
96,11.219627,0.000000,1.000000,0.000000,0.000000,1.000000,0.800000,0,0.000642,0.001344,0.917666,11.094532,1.664180,0.000000,0.000000,0.000000
97,11.295591,0.000000,1.000000,0.000000,0.000000,1.000000,0.800000,0,0.000563,0.001193,0.917666,11.170495,1.675574,0.000000,0.000000,0.000000
98,11.195091,0.000000,1.000000,0.000000,0.000000,1.000000,0.800000,0,0.000465,0.001264,0.917666,11.069990,1.660499,0.000000,0.000000,0.000000
99,11.063419,0.000000,1.000000,0.000000,0.000000,1.000000,0.800000,0,0.000584,0.001385,0.917666,10.938327,1.640749,0.000000,0.000000,0.000000
100,11.017797,0.000000,1.000000,0.000000,0.000000,1.000000,0.800000,0,0.000622,0.001171,0.917666,10.892701,1.633905,0.000000,0.000000,0.000000
101,10.868312,0.000000,1.000000,0.000000,0.000000,1.000000,0.800000,0,0.000539,0.001164,0.917666,10.743208,1.611481,0.000000,0.000000,0.000000
102,11.270235,0.000000,1.000000,0.000000,0.000000,1.000000,0.800000,0,0.000479,0.001149,0.917666,11.145141,1.671771,0.000000,0.000000,0.000000
103,11.110570,0.000000,1.000000,0.000000,0.000000,1.000000,0.800000,0,0.000513,0.001453,0.917666,10.985476,1.647821,0.000000,0.000000,0.000000
104,10.999770,0.000000,1.000000,0.000000,0.000000,1.000000,0.800000,0,0.000671,0.001349,0.917666,10.874674,1.631201,0.000000,0.000000,0.000000
105,11.317297,0.000000,1.000000,0.000000,0.000000,1.000000,0.800000,0,0.000592,0.001197,0.917666,11.192171,1.678826,0.000000,0.000000,0.000000
106,11.240849,0.000000,1.000000,0.000000,0.000000,1.000000,0.800000,0,0.000600,0.001204,0.917666,11.115751,1.667363,0.000000,0.000000,0.000000
107,11.258292,0.000000,1.000000,0.000000,0.000000,1.000000,0.800000,0,0.000565,0.001326,0.917666,11.133198,1.669980,0.000000,0.000000,0.000000
108,11.092346,0.000000,1.000000,0.000000,0.000000,1.000000,0.800000,0,0.000755,0.001322,0.917666,10.967249,1.645087,0.000000,0.000000,0.000000
109,11.219011,0.000000,1.000000,0.000000,0.000000,1.000000,0.800000,0,0.000604,0.001372,0.917666,11.093912,1.664087,0.000000,0.000000,0.000000
110,11.144104,0.000000,1.000000,0.000000,0.000000,1.000000,0.800000,0,0.000575,0.001433,0.917666,11.019013,1.652852,0.000000,0.000000,0.000000
111,11.118886,0.000000,1.000000,0.000000,0.000000,1.000000,0.800000,0,0.000580,0.001654,0.917666,10.993782,1.649067,0.000000,0.000000,0.000000
112,11.307197,0.000000,1.000000,0.000000,0.000000,1.000000,0.800000,0,0.000590,0.001553,0.917666,11.182101,1.677315,0.000000,0.000000,0.000000
113,11.154435,0.000000,1.000000,0.000000,0.000000,1.000000,0.800000,0,0.000467,0.001178,0.917666,11.029338,1.654401,0.000000,0.000000,0.000000
114,11.119069,0.000000,1.000000,0.000000,0.000000,1.000000,0.800000,0,0.000585,0.001344,0.917666,10.993974,1.649096,0.000000,0.000000,0.000000
115,11.521831,0.000000,1.000000,0.000000,0.000000,1.000000,0.800000,0,0.000816,0.001429,0.917666,11.396723,1.709508,0.000000,0.000000,0.000000
116,11.234115,0.000000,1.000000,0.000000,0.000000,1.000000,0.800000,0,0.000566,0.001255,0.917666,11.109017,1.666353,0.000000,0.000000,0.000000
117,11.202337,0.000000,1.000000,0.000000,0.000000,1.000000,0.800000,0,0.000553,0.001245,0.917666,11.077244,1.661587,0.000000,0.000000,0.000000
118,11.093370,0.000000,1.000000,0.000000,0.000000,1.000000,0.800000,0,0.000656,0.001144,0.917666,10.968275,1.645241,0.000000,0.000000,0.000000
119,10.984296,0.000000,1.000000,0.000000,0.000000,1.000000,0.800000,0,0.000610,0.001472,0.917666,10.859193,1.628879,0.000000,0.000000,0.000000
120,10.910472,0.000000,1.000000,0.000000,0.000000,1.000000,0.800000,0,0.000545,0.001530,0.917666,10.785376,1.617806,0.000000,0.000000,0.000000
121,10.907009,0.000000,1.000000,0.000000,0.000000,1.000000,0.800000,0,0.000631,0.001442,0.917666,10.781917,1.617288,0.000000,0.000000,0.000000
122,11.219938,0.000000,1.000000,0.000000,0.000000,1.000000,0.800000,0,0.000527,0.001162,0.917666,11.094839,1.664226,0.000000,0.000000,0.000000
123,11.160895,0.000000,1.000000,0.000000,0.000000,1.000000,0.800000,0,0.000565,0.001069,0.917666,11.035800,1.655370,0.000000,0.000000,0.000000
124,10.987292,0.000000,1.000000,0.000000,0.000000,1.000000,0.800000,0,0.000571,0.001096,0.917666,10.862202,1.629330,0.000000,0.000000,0.000000
125,11.375658,0.000000,1.000000,0.000000,0.000000,1.000000,0.800000,0,0.000571,0.001025,0.917666,11.250566,1.687585,0.000000,0.000000,0.000000
126,11.266657,0.000000,1.000000,0.000000,0.000000,1.000000,0.800000,0,0.000699,0.001497,0.917666,11.141560,1.671234,0.000000,0.000000,0.000000
127,11.227288,0.000000,1.000000,0.000000,0.000000,1.000000,0.800000,0,0.000705,0.001362,0.917666,11.102195,1.665329,0.000000,0.000000,0.000000
128,11.098203,0.000000,1.000000,0.000000,0.000000,1.000000,0.800000,0,0.000736,0.001445,0.917666,10.973107,1.645966,0.000000,0.000000,0.000000
129,11.143157,0.000000,1.000000,0.000000,0.000000,1.000000,0.800000,0,0.000795,0.001313,0.917666,11.018049,1.652707,0.000000,0.000000,0.000000
130,10.986001,0.000000,1.000000,0.000000,0.000000,1.000000,0.800000,0,0.000634,0.001283,0.917666,10.860905,1.629136,0.000000,0.000000,0.000000
131,10.957962,0.000000,1.000000,0.000000,0.000000,1.000000,0.800000,0,0.000456,0.001773,0.917666,10.832864,1.624930,0.000000,0.000000,0.000000
132,11.450277,0.000000,1.000000,0.000000,0.000000,1.000000,0.800000,0,0.000709,0.001232,0.917666,11.325178,1.698777,0.000000,0.000000,0.000000
133,11.216067,0.000000,1.000000,0.000000,0.000000,1.000000,0.800000,0,0.000490,0.001477,0.917666,11.090969,1.663645,0.000000,0.000000,0.000000
134,10.951960,0.000000,1.000000,0.000000,0.000000,1.000000,0.800000,0,0.000648,0.001585,0.917666,10.826858,1.624029,0.000000,0.000000,0.000000
135,11.383689,0.000000,1.000000,0.000000,0.000000,1.000000,0.800000,0,0.000604,0.001405,0.917666,11.258582,1.688787,0.000000,0.000000,0.000000
136,11.092002,0.000000,1.000000,0.000000,0.000000,1.000000,0.800000,0,0.000461,0.001159,0.917666,10.966905,1.645036,0.000000,0.000000,0.000000
137,11.193731,0.000000,1.000000,0.000000,0.000000,1.000000,0.800000,0,0.000715,0.001798,0.917666,11.068633,1.660295,0.000000,0.000000,0.000000
138,11.109479,0.000000,1.000000,0.000000,0.000000,1.000000,0.800000,0,0.000529,0.001037,0.917666,10.984379,1.647657,0.000000,0.000000,0.000000
139,11.052971,0.000000,1.000000,0.000000,0.000000,1.000000,0.800000,0,0.000720,0.001433,0.917666,10.927872,1.639181,0.000000,0.000000,0.000000
140,10.943747,0.000000,1.000000,0.000000,0.000000,1.000000,0.800000,0,0.000676,0.001333,0.917666,10.818639,1.622796,0.000000,0.000000,0.000000
141,10.889458,0.000000,1.000000,0.000000,0.000000,1.000000,0.800000,0,0.000444,0.000988,0.917666,10.764360,1.614654,0.000000,0.000000,0.000000
142,11.245038,0.000000,1.000000,0.000000,0.000000,1.000000,0.800000,0,0.000711,0.001292,0.917666,11.119936,1.667990,0.000000,0.000000,0.000000
143,11.125211,0.000000,1.000000,0.000000,0.000000,1.000000,0.800000,0,0.000566,0.001319,0.917666,11.000108,1.650016,0.000000,0.000000,0.000000
144,11.125186,0.000000,1.000000,0.000000,0.000000,1.000000,0.800000,0,0.000792,0.001929,0.917666,11.000091,1.650014,0.000000,0.000000,0.000000
145,11.434450,0.000000,1.000000,0.000000,0.000000,1.000000,0.800000,0,0.000586,0.001408,0.917666,11.309353,1.696403,0.000000,0.000000,0.000000
146,11.139739,0.000000,1.000000,0.000000,0.000000,1.000000,0.800000,0,0.000587,0.001379,0.917666,11.014639,1.652196,0.000000,0.000000,0.000000
147,11.215212,0.000000,1.000000,0.000000,0.000000,1.000000,0.800000,0,0.000532,0.001328,0.917666,11.090116,1.663517,0.000000,0.000000,0.000000
148,11.249347,0.000000,1.000000,0.000000,0.000000,1.000000,0.800000,0,0.000435,0.001363,0.917666,11.124238,1.668636,0.000000,0.000000,0.000000
149,11.242212,0.000000,1.000000,0.000000,0.000000,1.000000,0.800000,0,0.000777,0.001620,0.917666,11.117097,1.667565,0.000000,0.000000,0.000000
150,11.043312,0.000000,1.000000,0.000000,0.000000,1.000000,0.800000,0,0.000605,0.001423,0.917666,10.918202,1.637730,0.000000,0.000000,0.000000
151,11.216830,0.000000,1.000000,0.000000,0.000000,1.000000,0.800000,0,0.000582,0.001341,0.917666,11.091730,1.663759,0.000000,0.000000,0.000000
152,11.288461,0.000000,1.000000,0.000000,0.000000,1.000000,0.800000,0,0.000642,0.001913,0.917666,11.163366,1.674505,0.000000,0.000000,0.000000
153,11.254617,0.000000,1.000000,0.000000,0.000000,1.000000,0.800000,0,0.000603,0.001204,0.917666,11.129518,1.669428,0.000000,0.000000,0.000000
154,10.944264,0.000000,1.000000,0.000000,0.000000,1.000000,0.800000,0,0.000826,0.001492,0.917666,10.819168,1.622875,0.000000,0.000000,0.000000
155,11.610809,0.000000,1.000000,0.000000,0.000000,1.000000,0.800000,0,0.000616,0.001248,0.917666,11.485709,1.722856,0.000000,0.000000,0.000000
156,11.467045,0.000000,1.000000,0.000000,0.000000,1.000000,0.800000,0,0.000700,0.001539,0.917666,11.341948,1.701292,0.000000,0.000000,0.000000
157,11.319338,0.000000,1.000000,0.000000,0.000000,1.000000,0.800000,0,0.000736,0.001386,0.917666,11.194239,1.679136,0.000000,0.000000,0.000000
158,11.118287,0.000000,1.000000,0.000000,0.000000,1.000000,0.800000,0,0.000652,0.001597,0.917666,10.993191,1.648979,0.000000,0.000000,0.000000
159,11.199482,0.000000,1.000000,0.000000,0.000000,1.000000,0.800000,0,0.000610,0.001394,0.917666,11.074377,1.661157,0.000000,0.000000,0.000000
160,11.214959,0.000000,1.000000,0.000000,0.000000,1.000000,0.800000,0,0.000801,0.001425,0.917666,11.089849,1.663477,0.000000,0.000000,0.000000
161,10.955564,0.000000,1.000000,0.000000,0.000000,1.000000,0.800000,0,0.000832,0.001358,0.917666,10.830467,1.624570,0.000000,0.000000,0.000000
162,11.339400,0.000000,1.000000,0.000000,0.000000,1.000000,0.800000,0,0.000808,0.001454,0.917666,11.214302,1.682145,0.000000,0.000000,0.000000
163,11.170245,0.000000,1.000000,0.000000,0.000000,1.000000,0.800000,0,0.000645,0.001649,0.917666,11.045146,1.656772,0.000000,0.000000,0.000000
164,11.010342,0.000000,1.000000,0.000000,0.000000,1.000000,0.800000,0,0.000665,0.001189,0.917666,10.885244,1.632787,0.000000,0.000000,0.000000
165,11.223230,0.000000,1.000000,0.000000,0.000000,1.000000,0.800000,0,0.000733,0.001365,0.917666,11.098130,1.664719,0.000000,0.000000,0.000000
166,11.068500,0.000000,1.000000,0.000000,0.000000,1.000000,0.800000,0,0.000624,0.001188,0.917666,10.943396,1.641509,0.000000,0.000000,0.000000
167,11.124147,0.000000,1.000000,0.000000,0.000000,1.000000,0.800000,0,0.000682,0.001322,0.917666,10.999050,1.649857,0.000000,0.000000,0.000000
168,11.150560,0.000000,1.000000,0.000000,0.000000,1.000000,0.800000,0,0.000503,0.001589,0.917666,11.025460,1.653819,0.000000,0.000000,0.000000
169,11.200560,0.000000,1.000000,0.000000,0.000000,1.000000,0.800000,0,0.000545,0.001198,0.917666,11.075455,1.661318,0.000000,0.000000,0.000000
170,11.045095,0.000000,1.000000,0.000000,0.000000,1.000000,0.800000,0,0.000550,0.001473,0.917666,10.919992,1.637999,0.000000,0.000000,0.000000
171,11.057585,0.000000,1.000000,0.000000,0.000000,1.000000,0.800000,0,0.000767,0.001291,0.917666,10.932485,1.639873,0.000000,0.000000,0.000000
172,11.443732,0.000000,1.000000,0.000000,0.000000,1.000000,0.800000,0,0.000585,0.001513,0.917666,11.318625,1.697794,0.000000,0.000000,0.000000
173,11.284309,0.000000,1.000000,0.000000,0.000000,1.000000,0.800000,0,0.000718,0.001103,0.917666,11.159203,1.673881,0.000000,0.000000,0.000000
174,11.068675,0.000000,1.000000,0.000000,0.000000,1.000000,0.800000,0,0.000757,0.001210,0.917666,10.943578,1.641537,0.000000,0.000000,0.000000
175,11.416169,0.000000,1.000000,0.000000,0.000000,1.000000,0.800000,0,0.000556,0.001142,0.917666,11.291058,1.693659,0.000000,0.000000,0.000000
176,11.229952,0.000000,1.000000,0.000000,0.000000,1.000000,0.800000,0,0.000472,0.001195,0.917666,11.104836,1.665725,0.000000,0.000000,0.000000
177,11.359347,0.000000,1.000000,0.000000,0.000000,1.000000,0.800000,0,0.000358,0.001162,0.917666,11.234245,1.685137,0.000000,0.000000,0.000000
178,11.391922,0.000000,1.000000,0.000000,0.000000,1.000000,0.800000,0,0.000623,0.001203,0.917666,11.266816,1.690022,0.000000,0.000000,0.000000
179,11.316476,0.000000,1.000000,0.000000,0.000000,1.000000,0.800000,0,0.000644,0.001344,0.917666,11.191372,1.678706,0.000000,0.000000,0.000000
180,11.110009,0.000000,1.000000,0.000000,0.000000,1.000000,0.800000,0,0.000573,0.001245,0.917666,10.984907,1.647736,0.000000,0.000000,0.000000
181,11.112492,0.000000,1.000000,0.000000,0.000000,1.000000,0.800000,0,0.000602,0.001299,0.917666,10.987387,1.648108,0.000000,0.000000,0.000000
182,11.374711,0.000000,1.000000,0.000000,0.000000,1.000000,0.800000,0,0.000584,0.001166,0.917666,11.249608,1.687441,0.000000,0.000000,0.000000
183,11.276420,0.000000,1.000000,0.000000,0.000000,1.000000,0.800000,0,0.000578,0.001045,0.917666,11.151323,1.672699,0.000000,0.000000,0.000000
184,11.006427,0.000000,1.000000,0.000000,0.000000,1.000000,0.800000,0,0.000764,0.001342,0.917666,10.881325,1.632199,0.000000,0.000000,0.000000
185,11.329078,0.000000,1.000000,0.000000,0.000000,1.000000,0.800000,0,0.000773,0.001352,0.917666,11.203969,1.680595,0.000000,0.000000,0.000000
186,11.233468,0.000000,1.000000,0.000000,0.000000,1.000000,0.800000,0,0.000455,0.001188,0.917666,11.108367,1.666255,0.000000,0.000000,0.000000
187,11.221508,0.000000,1.000000,0.000000,0.000000,1.000000,0.800000,0,0.000480,0.001105,0.917666,11.096416,1.664462,0.000000,0.000000,0.000000
188,11.104705,0.000000,1.000000,0.000000,0.000000,1.000000,0.800000,0,0.000646,0.001128,0.917666,10.979593,1.646939,0.000000,0.000000,0.000000
189,11.148057,0.000000,1.000000,0.000000,0.000000,1.000000,0.800000,0,0.000613,0.001403,0.917666,11.022955,1.653443,0.000000,0.000000,0.000000
190,10.983586,0.000000,1.000000,0.000000,0.000000,1.000000,0.800000,0,0.000424,0.001505,0.917666,10.858489,1.628773,0.000000,0.000000,0.000000
191,10.979803,0.000000,1.000000,0.000000,0.000000,1.000000,0.800000,0,0.000543,0.001316,0.917666,10.854699,1.628205,0.000000,0.000000,0.000000
192,11.225319,0.000000,1.000000,0.000000,0.000000,1.000000,0.800000,0,0.000636,0.001092,0.917666,11.100208,1.665031,0.000000,0.000000,0.000000
193,11.137222,0.000000,1.000000,0.000000,0.000000,1.000000,0.800000,0,0.000406,0.001349,0.917666,11.012112,1.651817,0.000000,0.000000,0.000000
194,10.935747,0.000000,1.000000,0.000000,0.000000,1.000000,0.800000,0,0.000526,0.001367,0.917666,10.810647,1.621597,0.000000,0.000000,0.000000
195,11.352880,0.000000,1.000000,0.000000,0.000000,1.000000,0.800000,0,0.000467,0.001082,0.917666,11.227784,1.684168,0.000000,0.000000,0.000000
196,11.149002,0.000000,1.000000,0.000000,0.000000,1.000000,0.800000,0,0.000491,0.001144,0.917666,11.023904,1.653586,0.000000,0.000000,0.000000
197,11.230984,0.000000,1.000000,0.000000,0.000000,1.000000,0.800000,0,0.000588,0.001272,0.917666,11.105879,1.665882,0.000000,0.000000,0.000000
198,11.121473,0.000000,1.000000,0.000000,0.000000,1.000000,0.800000,0,0.000442,0.000923,0.917666,10.996379,1.649457,0.000000,0.000000,0.000000
199,11.103614,0.000000,1.000000,0.000000,0.000000,1.000000,0.800000,0,0.000503,0.001463,0.917666,10.978508,1.646776,0.000000,0.000000,0.000000
200,10.994663,0.000000,1.000000,0.000000,0.000000,1.000000,0.800000,0,0.000729,0.001076,0.917666,10.869571,1.630436,0.000000,0.000000,0.000000
201,10.833186,0.000000,1.000000,0.000000,0.000000,1.000000,0.800000,0,0.000593,0.001042,0.917666,10.708090,1.606213,0.000000,0.000000,0.000000
202,11.293363,0.000000,1.000000,0.000000,0.000000,1.000000,0.800000,0,0.000631,0.001104,0.917666,11.168265,1.675240,0.000000,0.000000,0.000000
203,11.154765,0.000000,1.000000,0.000000,0.000000,1.000000,0.800000,0,0.000756,0.001354,0.917666,11.029676,1.654451,0.000000,0.000000,0.000000
204,11.259428,0.000000,1.000000,0.000000,0.000000,1.000000,0.800000,0,0.000834,0.001102,0.917666,11.134335,1.670150,0.000000,0.000000,0.000000
205,11.454449,0.000000,1.000000,0.000000,0.000000,1.000000,0.800000,0,0.000498,0.001205,0.917666,11.329346,1.699402,0.000000,0.000000,0.000000
206,11.169387,0.000000,1.000000,0.000000,0.000000,1.000000,0.800000,0,0.000620,0.001264,0.917666,11.044287,1.656643,0.000000,0.000000,0.000000
207,11.302707,0.000000,1.000000,0.000000,0.000000,1.000000,0.800000,0,0.000586,0.001428,0.917666,11.177613,1.676642,0.000000,0.000000,0.000000
208,11.088160,0.000000,1.000000,0.000000,0.000000,1.000000,0.800000,0,0.000720,0.001391,0.917666,10.963068,1.644460,0.000000,0.000000,0.000000
209,11.170256,0.000000,1.000000,0.000000,0.000000,1.000000,0.800000,0,0.000670,0.001602,0.917666,11.045161,1.656774,0.000000,0.000000,0.000000
210,11.107554,0.000000,1.000000,0.000000,0.000000,1.000000,0.800000,0,0.000449,0.001191,0.917666,10.982452,1.647368,0.000000,0.000000,0.000000
211,10.994518,0.000000,1.000000,0.000000,0.000000,1.000000,0.800000,0,0.000653,0.001463,0.917666,10.869424,1.630414,0.000000,0.000000,0.000000
212,11.456818,0.000000,1.000000,0.000000,0.000000,1.000000,0.800000,0,0.000596,0.001422,0.917666,11.331725,1.699759,0.000000,0.000000,0.000000
213,11.374105,0.000000,1.000000,0.000000,0.000000,1.000000,0.800000,0,0.000729,0.001164,0.917666,11.249016,1.687352,0.000000,0.000000,0.000000
214,11.094292,0.000000,1.000000,0.000000,0.000000,1.000000,0.800000,0,0.000535,0.001353,0.917666,10.969194,1.645379,0.000000,0.000000,0.000000
215,11.422501,0.000000,1.000000,0.000000,0.000000,1.000000,0.800000,0,0.000727,0.001176,0.917666,11.297407,1.694611,0.000000,0.000000,0.000000
216,11.263766,0.000000,1.000000,0.000000,0.000000,1.000000,0.800000,0,0.000680,0.001265,0.917666,11.138676,1.670801,0.000000,0.000000,0.000000
217,11.279604,0.000000,1.000000,0.000000,0.000000,1.000000,0.800000,0,0.000690,0.001758,0.917666,11.154515,1.673177,0.000000,0.000000,0.000000
218,11.278390,0.000000,1.000000,0.000000,0.000000,1.000000,0.800000,0,0.000698,0.001463,0.917666,11.153299,1.672995,0.000000,0.000000,0.000000
219,11.443649,0.000000,1.000000,0.000000,0.000000,1.000000,0.800000,0,0.000732,0.001573,0.917666,11.318557,1.697784,0.000000,0.000000,0.000000
220,11.179414,0.000000,1.000000,0.000000,0.000000,1.000000,0.800000,0,0.000619,0.001556,0.917666,11.054324,1.658149,0.000000,0.000000,0.000000
221,10.886142,0.000000,1.000000,0.000000,0.000000,1.000000,0.800000,0,0.000598,0.001419,0.917666,10.761056,1.614158,0.000000,0.000000,0.000000
222,11.433246,0.000000,1.000000,0.000000,0.000000,1.000000,0.800000,0,0.000690,0.001462,0.917666,11.308150,1.696223,0.000000,0.000000,0.000000
223,11.222573,0.000000,1.000000,0.000000,0.000000,1.000000,0.800000,0,0.000700,0.001237,0.917666,11.097483,1.664622,0.000000,0.000000,0.000000
224,10.961128,0.000000,1.000000,0.000000,0.000000,1.000000,0.800000,0,0.000702,0.001478,0.917666,10.836038,1.625406,0.000000,0.000000,0.000000
225,11.242586,0.000000,1.000000,0.000000,0.000000,1.000000,0.800000,0,0.000558,0.001408,0.917666,11.117492,1.667624,0.000000,0.000000,0.000000
226,11.330631,0.000000,1.000000,0.000000,0.000000,1.000000,0.800000,0,0.000560,0.001498,0.917666,11.205541,1.680831,0.000000,0.000000,0.000000
227,11.169011,0.000000,1.000000,0.000000,0.000000,1.000000,0.800000,0,0.000540,0.001303,0.917666,11.043920,1.656588,0.000000,0.000000,0.000000
228,11.155126,0.000000,1.000000,0.000000,0.000000,1.000000,0.800000,0,0.000567,0.001100,0.917666,11.030034,1.654505,0.000000,0.000000,0.000000
229,11.036802,0.000000,1.000000,0.000000,0.000000,1.000000,0.800000,0,0.000672,0.001640,0.917666,10.911714,1.636757,0.000000,0.000000,0.000000
230,10.935956,0.000000,1.000000,0.000000,0.000000,1.000000,0.800000,0,0.000807,0.001294,0.917666,10.810862,1.621629,0.000000,0.000000,0.000000
231,11.135541,0.000000,1.000000,0.000000,0.000000,1.000000,0.800000,0,0.000482,0.001121,0.917666,11.010442,1.651566,0.000000,0.000000,0.000000
232,11.359494,0.000000,1.000000,0.000000,0.000000,1.000000,0.800000,0,0.010751,0.001551,0.917666,11.234397,1.685160,0.000000,0.000000,0.000000
233,11.142746,0.000000,1.000000,0.000000,0.000000,1.000000,0.800000,0,0.000724,0.001284,0.917666,11.017660,1.652649,0.000000,0.000000,0.000000
234,11.065952,0.000000,1.000000,0.000000,0.000000,1.000000,0.800000,0,0.000588,0.001015,0.917666,10.940855,1.641128,0.000000,0.000000,0.000000
235,11.340211,0.000000,1.000000,0.000000,0.000000,1.000000,0.800000,0,0.000727,0.001345,0.917666,11.215120,1.682268,0.000000,0.000000,0.000000
236,11.184577,0.000000,1.000000,0.000000,0.000000,1.000000,0.800000,0,0.000595,0.001372,0.917666,11.059467,1.658920,0.000000,0.000000,0.000000
237,11.204319,0.000000,1.000000,0.000000,0.000000,1.000000,0.800000,0,0.000528,0.001160,0.917666,11.079226,1.661884,0.000000,0.000000,0.000000
238,11.225496,0.000000,1.000000,0.000000,0.000000,1.000000,0.800000,0,0.000502,0.001173,0.917666,11.100404,1.665061,0.000000,0.000000,0.000000
239,11.089129,0.000000,1.000000,0.000000,0.000000,1.000000,0.800000,0,0.000421,0.001164,0.917666,10.964043,1.644606,0.000000,0.000000,0.000000
240,10.940632,0.000000,1.000000,0.000000,0.000000,1.000000,0.800000,0,0.000563,0.001424,0.917666,10.815544,1.622332,0.000000,0.000000,0.000000
241,11.083710,0.000000,1.000000,0.000000,0.000000,1.000000,0.800000,0,0.000362,0.001441,0.917666,10.958619,1.643793,0.000000,0.000000,0.000000
242,11.262786,0.000000,1.000000,0.000000,0.000000,1.000000,0.800000,0,0.000526,0.001622,0.917666,11.137685,1.670653,0.000000,0.000000,0.000000
243,11.073784,0.000000,1.000000,0.000000,0.000000,1.000000,0.800000,0,0.000483,0.001275,0.917666,10.948694,1.642304,0.000000,0.000000,0.000000
244,10.993845,0.000000,1.000000,0.000000,0.000000,1.000000,0.800000,0,0.000473,0.001401,0.917666,10.868756,1.630313,0.000000,0.000000,0.000000
245,11.350959,0.000000,1.000000,0.000000,0.000000,1.000000,0.800000,0,0.000500,0.001126,0.917666,11.225871,1.683881,0.000000,0.000000,0.000000
246,11.186927,0.000000,1.000000,0.000000,0.000000,1.000000,0.800000,0,0.000541,0.001091,0.917666,11.061839,1.659276,0.000000,0.000000,0.000000
247,11.258404,0.000000,1.000000,0.000000,0.000000,1.000000,0.800000,0,0.000654,0.001353,0.917666,11.133316,1.669997,0.000000,0.000000,0.000000
248,11.307356,0.000000,1.000000,0.000000,0.000000,1.000000,0.800000,0,0.000439,0.001418,0.917666,11.182262,1.677339,0.000000,0.000000,0.000000
249,11.129616,0.000000,1.000000,0.000000,0.000000,1.000000,0.800000,0,0.000480,0.001366,0.917666,11.004529,1.650679,0.000000,0.000000,0.000000
250,11.064524,0.000000,1.000000,0.000000,0.000000,1.000000,0.800000,0,0.000578,0.001460,0.917666,10.939434,1.640915,0.000000,0.000000,0.000000
251,11.014424,0.000000,1.000000,0.000000,0.000000,1.000000,0.800000,0,0.000603,0.001463,0.917666,10.889335,1.633400,0.000000,0.000000,0.000000
252,11.370018,0.000000,1.000000,0.000000,0.000000,1.000000,0.800000,0,0.000532,0.001117,0.917666,11.244926,1.686739,0.000000,0.000000,0.000000
253,11.061465,0.000000,1.000000,0.000000,0.000000,1.000000,0.800000,0,0.000515,0.001533,0.917666,10.936377,1.640457,0.000000,0.000000,0.000000
254,10.961578,0.000000,1.000000,0.000000,0.000000,1.000000,0.800000,0,0.000684,0.001506,0.917666,10.836482,1.625472,0.000000,0.000000,0.000000
255,11.254993,0.000000,1.000000,0.000000,0.000000,1.000000,0.800000,0,0.000711,0.001617,0.917666,11.129904,1.669486,0.000000,0.000000,0.000000
256,11.397015,0.000000,1.000000,0.000000,0.000000,1.000000,0.800000,0,0.000705,0.001418,0.917666,11.271907,1.690786,0.000000,0.000000,0.000000
257,11.429219,0.000000,1.000000,0.000000,0.000000,1.000000,0.800000,0,0.000619,0.001573,0.917666,11.304120,1.695618,0.000000,0.000000,0.000000
258,11.134485,0.000000,1.000000,0.000000,0.000000,1.000000,0.800000,0,0.000566,0.001190,0.917666,11.009397,1.651410,0.000000,0.000000,0.000000
259,11.053603,0.000000,1.000000,0.000000,0.000000,1.000000,0.800000,0,0.000706,0.001436,0.917666,10.928508,1.639276,0.000000,0.000000,0.000000
260,11.009128,0.000000,1.000000,0.000000,0.000000,1.000000,0.800000,0,0.000760,0.001175,0.917666,10.884034,1.632605,0.000000,0.000000,0.000000
261,11.020268,0.000000,1.000000,0.000000,0.000000,1.000000,0.800000,0,0.000595,0.001278,0.917666,10.895178,1.634277,0.000000,0.000000,0.000000
262,11.458116,0.000000,1.000000,0.000000,0.000000,1.000000,0.800000,0,0.000475,0.001310,0.917666,11.333025,1.699954,0.000000,0.000000,0.000000
263,11.201904,0.000000,1.000000,0.000000,0.000000,1.000000,0.800000,0,0.000562,0.001260,0.917666,11.076798,1.661520,0.000000,0.000000,0.000000
264,11.185762,0.000000,1.000000,0.000000,0.000000,1.000000,0.800000,0,0.000651,0.001377,0.917666,11.060669,1.659100,0.000000,0.000000,0.000000
265,11.591696,0.000000,1.000000,0.000000,0.000000,1.000000,0.800000,0,0.000697,0.001246,0.917666,11.466599,1.719990,0.000000,0.000000,0.000000
266,11.324537,0.000000,1.000000,0.000000,0.000000,1.000000,0.800000,0,0.000659,0.001114,0.917666,11.199438,1.679916,0.000000,0.000000,0.000000
267,11.309331,0.000000,1.000000,0.000000,0.000000,1.000000,0.800000,0,0.000644,0.001334,0.917666,11.184232,1.677635,0.000000,0.000000,0.000000
268,11.208232,0.000000,1.000000,0.000000,0.000000,1.000000,0.800000,0,0.000673,0.001205,0.917666,11.083142,1.662471,0.000000,0.000000,0.000000
269,11.093683,0.000000,1.000000,0.000000,0.000000,1.000000,0.800000,0,0.000602,0.001361,0.917666,10.968595,1.645289,0.000000,0.000000,0.000000
270,10.976474,0.000000,1.000000,0.000000,0.000000,1.000000,0.800000,0,0.000808,0.001393,0.917666,10.851386,1.627708,0.000000,0.000000,0.000000
271,10.941272,0.000000,1.000000,0.000000,0.000000,1.000000,0.800000,0,0.000590,0.001085,0.917666,10.816182,1.622427,0.000000,0.000000,0.000000
272,11.339038,0.000000,1.000000,0.000000,0.000000,1.000000,0.800000,0,0.000748,0.001295,0.917666,11.213948,1.682092,0.000000,0.000000,0.000000
273,11.119313,0.000000,1.000000,0.000000,0.000000,1.000000,0.800000,0,0.000581,0.001139,0.917666,10.994220,1.649133,0.000000,0.000000,0.000000
274,10.995423,0.000000,1.000000,0.000000,0.000000,1.000000,0.800000,0,0.000467,0.000909,0.917666,10.870318,1.630548,0.000000,0.000000,0.000000
275,11.384160,0.000000,1.000000,0.000000,0.000000,1.000000,0.800000,0,0.000615,0.001213,0.917666,11.259069,1.688860,0.000000,0.000000,0.000000
276,11.158329,0.000000,1.000000,0.000000,0.000000,1.000000,0.800000,0,0.000635,0.001615,0.917666,11.033226,1.654984,0.000000,0.000000,0.000000
277,11.228582,0.000000,1.000000,0.000000,0.000000,1.000000,0.800000,0,0.000482,0.001207,0.917666,11.103496,1.665524,0.000000,0.000000,0.000000
278,11.202884,0.000000,1.000000,0.000000,0.000000,1.000000,0.800000,0,0.000433,0.001175,0.917666,11.077797,1.661670,0.000000,0.000000,0.000000
279,11.362148,0.000000,1.000000,0.000000,0.000000,1.000000,0.800000,0,0.000717,0.001453,0.917666,11.237058,1.685559,0.000000,0.000000,0.000000
280,11.021912,0.000000,1.000000,0.000000,0.000000,1.000000,0.800000,0,0.000727,0.001098,0.917666,10.896820,1.634523,0.000000,0.000000,0.000000
281,11.014395,0.000000,1.000000,0.000000,0.000000,1.000000,0.800000,0,0.000617,0.001291,0.917666,10.889304,1.633396,0.000000,0.000000,0.000000
282,11.287946,0.000000,1.000000,0.000000,0.000000,1.000000,0.800000,0,0.000376,0.001353,0.917666,11.162859,1.674429,0.000000,0.000000,0.000000
283,11.263036,0.000000,1.000000,0.000000,0.000000,1.000000,0.800000,0,0.000480,0.001305,0.917666,11.137936,1.670690,0.000000,0.000000,0.000000
284,11.160410,0.000000,1.000000,0.000000,0.000000,1.000000,0.800000,0,0.000670,0.001121,0.917666,11.035304,1.655296,0.000000,0.000000,0.000000
285,11.475717,0.000000,1.000000,0.000000,0.000000,1.000000,0.800000,0,0.000713,0.001847,0.917666,11.350616,1.702592,0.000000,0.000000,0.000000
286,11.270957,0.000000,1.000000,0.000000,0.000000,1.000000,0.800000,0,0.000781,0.001290,0.917666,11.145862,1.671879,0.000000,0.000000,0.000000
287,11.268085,0.000000,1.000000,0.000000,0.000000,1.000000,0.800000,0,0.000563,0.001210,0.917666,11.142997,1.671449,0.000000,0.000000,0.000000
288,11.271386,0.000000,1.000000,0.000000,0.000000,1.000000,0.800000,0,0.000493,0.001093,0.917666,11.146297,1.671945,0.000000,0.000000,0.000000
289,11.348848,0.000000,1.000000,0.000000,0.000000,1.000000,0.800000,0,0.000612,0.001165,0.917666,11.223757,1.683564,0.000000,0.000000,0.000000
290,11.044876,0.000000,1.000000,0.000000,0.000000,1.000000,0.800000,0,0.000551,0.001159,0.917666,10.919783,1.637968,0.000000,0.000000,0.000000
291,11.097345,0.000000,1.000000,0.000000,0.000000,1.000000,0.800000,0,0.000659,0.001273,0.917666,10.972258,1.645839,0.000000,0.000000,0.000000
292,11.342934,0.000000,1.000000,0.000000,0.000000,1.000000,0.800000,0,0.000516,0.001193,0.917666,11.217824,1.682674,0.000000,0.000000,0.000000
293,11.329194,0.000000,1.000000,0.000000,0.000000,1.000000,0.800000,0,0.000593,0.001316,0.917666,11.204089,1.680613,0.000000,0.000000,0.000000
294,11.268447,0.000000,1.000000,0.000000,0.000000,1.000000,0.800000,0,0.000485,0.001222,0.917666,11.143353,1.671503,0.000000,0.000000,0.000000
295,11.411338,0.000000,1.000000,0.000000,0.000000,1.000000,0.800000,0,0.000760,0.001257,0.917666,11.286248,1.692937,0.000000,0.000000,0.000000
296,11.295099,0.000000,1.000000,0.000000,0.000000,1.000000,0.800000,0,0.000585,0.001453,0.917666,11.170011,1.675502,0.000000,0.000000,0.000000
297,11.179686,0.000000,1.000000,0.000000,0.000000,1.000000,0.800000,0,0.000656,0.001367,0.917666,11.054601,1.658190,0.000000,0.000000,0.000000
298,11.164270,0.000000,1.000000,0.000000,0.000000,1.000000,0.800000,0,0.000477,0.001380,0.917666,11.039183,1.655877,0.000000,0.000000,0.000000
299,11.122326,0.000000,1.000000,0.000000,0.000000,1.000000,0.800000,0,0.000614,0.001524,0.917666,10.997236,1.649585,0.000000,0.000000,0.000000
